"","time","analyte","p.value"
"1",2,"Leptin",0.15660346930764
"2",2,"Corticosterone",0.511129596498685
"3",4,"Leptin",0.121237523361007
"4",4,"Corticosterone",0.662663941550598
"5",6,"Leptin",0.0136188679534066
"6",6,"Corticosterone",0.0594212130940549
"7",8,"Leptin",0.0434428506969992
"8",8,"Corticosterone",0.0203484136837876
"9",9,"Leptin",0.0185014263165035
"10",9,"Corticosterone",0.021788151932502
